City ID,City,Country,Date,Lat,Lng,Max Temp,Humidity,Cloudiness,Wind Speed
0,Jamestown,US,2022-11-21 18:39:02,42.097,-79.2353,39.18,34,0,19.57
1,San Jose,US,2022-11-21 18:40:06,37.3394,-121.895,64.42,49,75,5.01
2,Flinders,AU,2022-11-21 18:40:46,-34.5833,150.8552,53.19,58,2,11.99
3,Sibu,MY,2022-11-21 18:40:47,2.3,111.8167,77.31,88,40,5.01
4,Mataura,NZ,2022-11-21 18:40:47,-46.1927,168.8643,50.49,84,57,3.06
5,Kapaa,US,2022-11-21 18:40:48,22.0752,-159.319,77.47,77,100,19.57
6,Bredasdorp,ZA,2022-11-21 18:40:48,-34.5322,20.0403,61.25,70,100,4.16
7,Georgetown,MY,2022-11-21 18:40:49,5.4112,100.3354,82.24,88,40,2.3
8,Burnie,AU,2022-11-21 18:40:50,-41.0667,145.9167,40.95,87,98,13.38
9,Honiara,SB,2022-11-21 18:40:50,-9.4333,159.95,76.21,84,56,5.55
10,Stepnogorsk,KZ,2022-11-21 18:40:51,52.3544,71.8869,11.91,91,6,8.43
11,Airai,TL,2022-11-21 18:40:51,-8.9266,125.4092,62.53,92,100,1.57
12,Busselton,AU,2022-11-21 18:40:52,-33.65,115.3333,55.4,71,0,12.73
13,Souillac,MU,2022-11-21 18:40:53,-20.5167,57.5167,71.98,83,20,3.44
14,Geraldton,AU,2022-11-21 18:40:53,-28.7667,114.6,68.41,45,40,4.61
15,Amga,RU,2022-11-21 18:40:54,60.8953,131.9608,-29.85,100,100,1.77
16,Severo-Kurilsk,RU,2022-11-21 18:38:46,50.6789,156.125,41.02,85,100,20.31
17,Ushuaia,AR,2022-11-21 18:40:55,-54.8,-68.3,53.26,54,75,14.97
18,Sioux Lookout,CA,2022-11-21 18:40:55,50.1001,-91.917,23.07,68,75,13.8
19,Vaini,TO,2022-11-21 18:40:56,-21.2,-175.2,75.36,88,40,3.44
20,Ponta Do Sol,PT,2022-11-21 18:40:57,32.6667,-17.1,68.63,62,0,1.88
21,Hofn,IS,2022-11-21 18:40:58,64.2539,-15.2082,42.82,87,75,10.36
22,Shimoda,JP,2022-11-21 18:40:58,34.6667,138.95,61.21,80,40,5.08
23,East London,ZA,2022-11-21 18:40:33,-33.0153,27.9116,70.74,83,0,6.91
24,Rikitea,PF,2022-11-21 18:40:59,-23.1203,-134.9692,72.03,85,92,11.01
25,Bluff,NZ,2022-11-21 18:41:00,-46.6,168.3333,50.81,76,71,8.9
26,Adrar,MR,2022-11-21 18:41:01,20.5022,-10.0711,73.31,15,0,11.81
27,Mar Del Plata,AR,2022-11-21 18:39:42,-38.0023,-57.5575,61.09,94,100,15.99
28,New Norfolk,AU,2022-11-21 18:41:02,-42.7826,147.0587,42.71,79,73,1.99
29,Avarua,CK,2022-11-21 18:41:03,-21.2078,-159.775,75.25,69,75,9.22
30,Saint-Paul,RE,2022-11-21 18:36:55,-21.0096,55.2707,75.31,79,1,11.63
31,Charters Towers,AU,2022-11-21 18:41:05,-20.1,146.2667,80.6,27,100,8.61
32,Mahebourg,MU,2022-11-21 18:41:06,-20.4081,57.7,75.25,83,20,3.44
33,Bengkulu,ID,2022-11-21 18:41:07,-3.8004,102.2655,74.66,90,79,5.21
34,Albany,US,2022-11-21 18:41:08,42.6001,-73.9662,39.24,46,4,4.0
35,Kurya,RU,2022-11-21 18:41:09,51.6003,82.2888,16.36,91,100,3.2
36,Yellowknife,CA,2022-11-21 18:37:13,62.456,-114.3525,28.92,93,75,5.75
37,Dikson,RU,2022-11-21 18:41:10,73.5069,80.5464,-24.68,96,7,3.76
38,Punta Arenas,CL,2022-11-21 18:41:11,-53.15,-70.9167,48.31,81,100,9.22
39,Barrow,US,2022-11-21 18:41:12,71.2906,-156.7887,19.42,86,100,19.57
40,Thompson,CA,2022-11-21 18:40:57,55.7435,-97.8558,14.16,79,75,9.22
41,Udachnyy,RU,2022-11-21 18:41:13,66.4167,112.4,-24.16,100,78,3.69
42,Mercedes,AR,2022-11-21 18:42:14,-34.6515,-59.4307,67.03,46,100,12.44
43,Hermanus,ZA,2022-11-21 18:42:15,-34.4187,19.2345,65.8,73,74,3.78
44,Qaanaaq,GL,2022-11-21 18:42:15,77.484,-69.3632,-8.25,76,97,4.65
45,Skala,PL,2022-11-21 18:42:16,50.2305,19.8536,38.52,91,75,2.3
46,Topchanchi,IN,2022-11-21 18:42:17,23.9,86.2,60.53,50,100,5.03
47,Olafsvik,IS,2022-11-21 18:42:18,64.8945,-23.7142,42.33,74,93,18.05
48,Castro,BR,2022-11-21 18:42:18,-24.7911,-50.0119,79.93,43,100,8.19
49,Tuktoyaktuk,CA,2022-11-21 18:42:19,69.4541,-133.0374,17.6,93,100,3.44
50,Cap-Aux-Meules,CA,2022-11-21 18:42:20,47.3821,-61.8597,32.05,74,75,26.46
51,Ribeira Grande,PT,2022-11-21 18:42:21,38.5167,-28.7,67.77,94,40,19.57
52,Dali,CN,2022-11-21 18:42:21,25.7,100.1833,47.21,77,98,3.51
53,Chuy,UY,2022-11-21 18:42:22,-33.6971,-53.4616,68.7,92,100,7.43
54,Buchanan,LR,2022-11-21 18:42:23,5.8808,-10.0467,78.8,84,73,5.7
55,La Romana,DO,2022-11-21 18:42:23,18.4273,-68.9728,88.16,62,40,9.22
56,Lagoa,PT,2022-11-21 18:42:24,39.05,-27.9833,64.45,91,100,29.44
57,Wukari,NG,2022-11-21 18:42:25,7.85,9.7833,80.85,30,96,1.9
58,Tasiilaq,GL,2022-11-21 18:42:25,65.6145,-37.6368,37.56,90,100,14.18
59,Nizhniy Kuranakh,RU,2022-11-21 18:42:26,58.8353,125.4869,-20.83,100,100,1.95
60,Vila Velha,BR,2022-11-21 18:42:27,-20.3297,-40.2925,75.15,89,100,8.05
61,Nikolskoye,RU,2022-11-21 18:42:28,59.7035,30.7861,21.09,90,89,4.25
62,Kawalu,ID,2022-11-21 18:42:28,-7.3817,108.2082,72.57,97,100,1.86
63,Maumere,ID,2022-11-21 18:42:29,-8.6199,122.2111,80.29,81,100,3.91
64,Sibul,PH,2022-11-21 18:42:30,15.169,121.0616,75.34,88,98,3.6
65,Hasaki,JP,2022-11-21 18:42:31,35.7333,140.8333,52.29,82,8,10.47
66,Xixiang,CN,2022-11-21 18:42:32,35.1628,112.865,51.26,93,100,1.3
67,Melfort,CA,2022-11-21 18:42:22,52.8667,-104.6177,19.53,79,100,12.66
68,Tibagi,BR,2022-11-21 18:42:33,-24.5094,-50.4136,84.7,39,100,7.85
69,Atuona,PF,2022-11-21 18:42:34,-9.8,-139.0333,77.5,67,11,17.45
70,Arraial Do Cabo,BR,2022-11-21 18:42:34,-22.9661,-42.0278,82.36,73,20,25.32
71,Nara,JP,2022-11-21 18:40:08,34.6851,135.8049,52.5,88,83,1.92
72,Butaritari,KI,2022-11-21 18:42:35,3.0707,172.7902,80.44,82,29,16.98
73,Masindi,UG,2022-11-21 18:42:36,1.6744,31.715,65.55,94,100,0.51
74,Asyut,EG,2022-11-21 18:42:36,27.181,31.1837,71.78,32,4,7.56
75,Husavik,IS,2022-11-21 18:42:37,66.0449,-17.3389,40.51,76,79,17.0
76,Sinnamary,GF,2022-11-21 18:42:37,5.3833,-52.95,84.7,66,43,13.27
77,Khatanga,RU,2022-11-21 18:42:38,71.9667,102.5,-37.95,100,68,1.45
78,Ganzhou,CN,2022-11-21 18:42:39,28.8184,115.4327,64.74,93,96,3.18
79,Grand Baie,MU,2022-11-21 18:42:39,-20.0182,57.5802,75.45,71,1,1.01
80,Sao Felix Do Xingu,BR,2022-11-21 18:42:40,-6.6447,-51.995,86.88,52,66,1.9
81,Mareeba,AU,2022-11-21 18:42:40,-17.0,145.4333,76.44,79,91,2.71
82,Lorengau,PG,2022-11-21 18:42:42,-2.0226,147.2712,80.94,72,99,6.02
83,San Luis,AR,2022-11-21 18:39:55,-33.295,-66.3356,71.22,23,0,11.03
84,Sonipat,IN,2022-11-21 18:42:43,28.9833,77.0167,62.6,31,0,6.46
85,Karratha,AU,2022-11-21 18:42:43,-20.7377,116.8463,75.2,59,65,20.87
86,Pampa,US,2022-11-21 18:42:04,35.5362,-100.9599,60.19,35,0,3.44
87,Anchorage,US,2022-11-21 18:40:03,61.2181,-149.9003,38.68,91,100,5.75
88,Granada,ES,2022-11-21 18:42:44,37.25,-3.25,53.46,91,100,15.26
89,Kodiak,US,2022-11-21 18:43:44,57.79,-152.4072,36.91,100,100,0.0
90,Faya,SA,2022-11-21 18:43:45,18.3851,42.4509,60.91,55,28,4.65
91,Weihe,CN,2022-11-21 18:43:45,32.9952,105.3247,40.95,84,84,5.1
92,Saint-Philippe,RE,2022-11-21 18:43:46,-21.3585,55.7679,74.79,78,13,4.79
93,Korla,CN,2022-11-21 18:43:47,41.7597,86.1469,35.74,42,79,3.62
94,Norman Wells,CA,2022-11-21 18:43:47,65.282,-126.8329,19.44,93,75,6.91
95,Kang,BW,2022-11-21 18:43:48,-23.6752,22.7876,69.35,69,100,12.17
96,Boende,CD,2022-11-21 18:43:49,-0.2167,20.8667,72.23,95,100,5.5
97,Katsuura,JP,2022-11-21 18:43:49,35.1333,140.3,50.02,89,15,10.51
98,Cayenne,GF,2022-11-21 18:43:49,4.9333,-52.3333,87.84,62,20,13.8
99,Cidreira,BR,2022-11-21 18:43:50,-30.1811,-50.2056,73.69,80,100,12.44
100,Pevek,RU,2022-11-21 18:43:50,69.7008,170.3133,-6.43,97,100,9.78
101,Danilov,RU,2022-11-21 18:43:51,58.1908,40.1717,17.31,86,60,3.38
102,Richards Bay,ZA,2022-11-21 18:43:51,-28.783,32.0377,70.34,71,83,12.71
103,Auki,SB,2022-11-21 18:43:52,-8.7676,160.7034,76.48,84,34,4.23
104,Cape Town,ZA,2022-11-21 18:43:52,-33.9258,18.4232,66.27,62,0,16.11
105,Lata,PT,2022-11-21 18:43:53,40.1629,-8.3327,58.82,85,100,8.1
106,Narsaq,GL,2022-11-21 18:39:30,60.9167,-46.05,26.82,91,11,5.79
107,Faanui,PF,2022-11-21 18:43:54,-16.4833,-151.75,79.14,74,59,15.46
108,Wattegama,LK,2022-11-21 18:43:54,6.7989,81.4808,72.73,93,4,2.68
109,Kotovo,RU,2022-11-21 18:43:55,50.3211,44.8012,38.23,98,100,8.7
110,Vityazevo,RU,2022-11-21 18:43:55,44.9931,37.2719,61.21,77,0,15.99
111,Waingapu,ID,2022-11-21 18:43:56,-9.6567,120.2641,79.86,82,92,1.43
112,Hilo,US,2022-11-21 18:43:56,19.7297,-155.09,72.1,92,20,7.0
113,Cherskiy,RU,2022-11-21 18:43:57,68.75,161.3,-32.17,100,95,3.29
114,Lebu,CL,2022-11-21 18:43:57,-37.6167,-73.65,60.4,60,0,20.96
115,Victoria,HK,2022-11-21 18:40:54,22.2855,114.1577,75.38,87,100,15.01
116,Portland,US,2022-11-21 18:43:38,45.5234,-122.6762,47.08,54,100,7.0
117,Chokurdakh,RU,2022-11-21 18:43:59,70.6333,147.9167,-23.21,99,100,1.57
118,Puerto Ayora,EC,2022-11-21 18:43:59,-0.7393,-90.3518,78.76,98,86,7.0
119,Sao Gabriel Da Cachoeira,BR,2022-11-21 18:44:00,-0.1303,-67.0892,85.8,74,75,5.75
120,Tiznit,MA,2022-11-21 18:44:00,29.5833,-9.5,64.98,50,99,2.46
121,Port Elizabeth,ZA,2022-11-21 18:44:01,-33.918,25.5701,68.31,80,100,11.5
122,Isangel,VU,2022-11-21 18:44:01,-19.55,169.2667,79.63,79,8,3.83
123,Longyearbyen,SJ,2022-11-21 18:44:02,78.2186,15.6401,37.24,81,75,12.66
124,Ndola,ZM,2022-11-21 18:44:03,-12.9587,28.6366,72.7,54,100,4.0
125,Ilulissat,GL,2022-11-21 18:44:05,69.2167,-51.1,14.02,79,40,0.0
126,Coihaique,CL,2022-11-21 18:44:07,-45.5752,-72.0662,62.55,48,75,4.61
127,Barcelos,PT,2022-11-21 18:43:30,41.5388,-8.6151,55.54,66,100,11.12
128,Belogorsk,RU,2022-11-21 18:44:08,50.9158,128.4611,-4.99,100,92,3.4
129,San Patricio,US,2022-11-21 18:44:09,28.017,-97.5169,49.86,86,100,13.31
130,Qui Nhon,VN,2022-11-21 18:40:18,13.7667,109.2333,75.87,94,100,4.27
131,Hambantota,LK,2022-11-21 18:44:11,6.1241,81.1185,75.54,94,20,2.3
132,Port-Cartier,CA,2022-11-21 18:44:12,50.0334,-66.8654,26.82,76,28,10.02
133,Ouidah,BJ,2022-11-21 18:45:13,6.3631,2.0851,82.26,82,40,10.65
134,Palmerston,AU,2022-11-21 18:45:14,-12.486,130.9833,78.78,89,100,5.75
135,Provideniya,RU,2022-11-21 18:45:14,64.3833,-173.3,9.7,94,100,10.22
136,Hobart,AU,2022-11-21 18:41:37,-42.8794,147.3294,43.05,79,75,12.66
137,Te Anau,NZ,2022-11-21 18:45:16,-45.4167,167.7167,51.1,94,87,5.53
138,Paamiut,GL,2022-11-21 18:45:17,61.994,-49.6678,20.44,87,65,3.71
139,Praia Da Vitoria,PT,2022-11-21 18:45:18,38.7333,-27.0667,68.25,83,40,15.43
140,Cockburn Town,TC,2022-11-21 18:41:19,21.4612,-71.1419,81.36,75,1,21.16
141,Sorland,NO,2022-11-21 18:45:19,67.667,12.6934,37.26,65,5,10.33
142,Plouzane,FR,2022-11-21 18:45:20,48.3833,-4.6167,48.25,84,75,23.02
143,Port Blair,IN,2022-11-21 18:45:21,11.6667,92.75,79.36,81,81,5.1
144,Barreiras,BR,2022-11-21 18:45:22,-12.1528,-44.99,78.24,70,100,4.32
145,Chapais,CA,2022-11-21 18:45:22,49.7834,-74.8492,15.58,93,100,12.06
146,Batemans Bay,AU,2022-11-21 18:45:23,-35.7167,150.1833,53.1,49,0,10.04
147,Juneau,US,2022-11-21 18:45:04,58.3019,-134.4197,44.22,94,100,25.32
148,Skibbereen,IE,2022-11-21 18:43:38,51.55,-9.2667,49.1,82,100,31.52
149,Cururupu,BR,2022-11-21 18:45:25,-1.8283,-44.8683,82.72,71,100,6.35
150,Clyde River,CA,2022-11-21 18:42:13,70.4692,-68.5914,-10.97,70,40,14.97
151,Mackay,AU,2022-11-21 18:45:26,-21.15,149.2,75.69,88,100,4.18
152,Leningradskiy,RU,2022-11-21 18:45:27,69.3833,178.4167,-13.34,84,99,11.1
153,Mount Isa,AU,2022-11-21 18:45:28,-20.7333,139.5,76.77,20,100,11.5
154,Hithadhoo,MV,2022-11-21 18:45:28,-0.6,73.0833,80.82,78,15,10.85
155,Tambopata,PE,2022-11-21 18:45:29,-12.7333,-69.1833,76.89,88,75,2.3
156,Marulanda,CO,2022-11-21 18:45:30,5.2839,-75.2602,62.69,95,99,0.89
157,Forbes,AU,2022-11-21 18:43:19,-33.3833,148.0167,47.91,66,4,9.75
158,Bambous Virieux,MU,2022-11-21 18:45:31,-20.3428,57.7575,75.22,83,20,3.44
159,Yeppoon,AU,2022-11-21 18:45:32,-23.1333,150.7333,74.98,60,65,9.37
160,Sorkjosen,NO,2022-11-21 18:45:32,69.8,20.9333,23.0,68,0,1.14
161,Maykor,RU,2022-11-21 18:45:33,59.0059,55.88,14.61,96,96,5.64
162,Port Alfred,ZA,2022-11-21 18:45:33,-33.5906,26.891,68.18,88,24,5.01
163,Sai Buri,TH,2022-11-21 18:45:34,6.7013,101.6168,75.94,90,100,7.96
164,Vao,NC,2022-11-21 18:45:35,-22.6667,167.4833,76.33,82,83,11.16
165,Sao Filipe,CV,2022-11-21 18:45:35,14.8961,-24.4956,77.27,64,79,11.23
166,Arys,KZ,2022-11-21 18:45:36,42.4252,68.795,50.16,68,100,12.77
167,Laguna,US,2022-11-21 18:45:37,38.421,-121.4238,63.97,53,0,3.44
168,Puerto Escondido,MX,2022-11-21 18:45:37,15.85,-97.0667,86.83,62,20,10.36
169,San Cristobal,VE,2022-11-21 18:45:38,7.7669,-72.225,73.58,71,91,0.31
170,Esperance,AU,2022-11-21 18:41:50,-33.8667,121.9,52.38,77,0,11.14
171,Gushikawa,JP,2022-11-21 18:45:39,26.3544,127.8686,72.63,100,0,4.61
172,Caucaia,BR,2022-11-21 18:45:39,-3.7361,-38.6531,84.15,74,40,17.27
173,Champasak,LA,2022-11-21 18:45:40,14.75,106.0,70.52,97,100,1.14
174,Sharlyk,RU,2022-11-21 18:45:40,52.9167,54.75,13.91,92,100,1.99
175,Pangkalanbuun,ID,2022-11-21 18:45:41,-2.6833,111.6167,75.09,97,100,2.48
176,Shakhtinsk,KZ,2022-11-21 18:46:41,49.71,72.5872,24.04,98,96,5.19
177,Nouadhibou,MR,2022-11-21 18:46:41,20.931,-17.0347,78.78,47,0,5.75
178,Bhatkal,IN,2022-11-21 18:46:42,13.9667,74.5667,75.31,52,97,3.8
179,Yanam,IN,2022-11-21 18:46:30,16.7333,82.2167,77.31,78,98,8.14
180,Qujing,CN,2022-11-21 18:46:43,25.4833,103.7833,50.4,94,47,2.3
181,Nanortalik,GL,2022-11-21 18:46:43,60.1432,-45.2371,24.13,85,22,10.36
182,Orange,US,2022-11-21 18:46:40,33.7,-117.7675,76.28,22,75,3.0
183,Calamar,CO,2022-11-21 18:46:44,10.2511,-74.9146,87.01,69,100,3.13
184,Guerrero Negro,MX,2022-11-21 18:46:45,27.9769,-114.0611,73.0,30,26,2.39
185,Inhambane,MZ,2022-11-21 18:46:45,-23.865,35.3833,69.78,60,20,5.99
186,Yulara,AU,2022-11-21 18:46:45,-25.2406,130.9889,69.57,27,100,14.9
187,Tambura,SS,2022-11-21 18:46:46,5.6,27.4667,78.3,42,16,2.98
188,Pangnirtung,CA,2022-11-21 18:46:46,66.1451,-65.7125,5.0,43,75,0.0
189,Florianopolis,BR,2022-11-21 18:46:47,-27.6146,-48.5012,81.63,61,20,14.97
190,Schmalkalden,DE,2022-11-21 18:46:48,50.7167,10.45,33.12,97,100,4.81
191,Araouane,ML,2022-11-21 18:46:48,18.9048,-3.5265,76.14,13,100,10.96
192,Corn Island,NI,2022-11-21 18:46:49,12.1694,-83.0418,80.46,73,100,14.29
193,Ola,RU,2022-11-21 18:46:49,59.5833,151.2833,26.15,90,100,13.31
194,Makakilo City,US,2022-11-21 18:46:50,21.3469,-158.0858,77.32,61,0,17.27
195,Nizhnevartovsk,RU,2022-11-21 18:46:51,60.9344,76.5531,17.62,93,100,11.18
196,Xuddur,SO,2022-11-21 18:46:51,4.1213,43.8894,77.16,66,100,10.83
197,Acapulco,MX,2022-11-21 18:42:05,16.8634,-99.8901,84.36,65,0,5.28
198,Nanakuli,US,2022-11-21 18:46:52,21.3906,-158.1547,78.75,53,0,9.22
199,Kahului,US,2022-11-21 18:42:27,20.8947,-156.47,78.82,68,40,15.01
200,Dillon,US,2022-11-21 18:46:36,34.4166,-79.3712,59.04,36,0,4.81
201,Port Hardy,CA,2022-11-21 18:46:53,50.6996,-127.4199,44.78,81,100,19.57
202,Shache,CN,2022-11-21 18:46:53,38.4167,77.2406,41.4,27,0,4.14
203,Bay City,US,2022-11-21 18:46:54,43.5945,-83.8889,40.1,67,0,21.85
204,The Valley,AI,2022-11-21 18:44:32,18.217,-63.0578,84.81,78,20,17.27
205,Yellandu,IN,2022-11-21 18:46:54,17.6,80.3333,66.74,74,75,2.57
206,Mao,ES,2022-11-21 18:46:55,39.8885,4.2658,63.16,88,40,21.85
207,Kiama,AU,2022-11-21 18:46:56,-34.6833,150.8667,53.38,59,2,13.0
208,Fallon,US,2022-11-21 18:43:54,39.4735,-118.7774,41.92,55,75,0.0
209,Kouango,CF,2022-11-21 18:46:56,4.9934,19.9619,77.86,47,100,3.69
210,Bonthe,SL,2022-11-21 18:46:57,7.5264,-12.505,80.65,75,100,5.41
211,Tabou,CI,2022-11-21 18:46:57,4.423,-7.3528,78.71,81,26,6.96
212,Jalu,LY,2022-11-21 18:46:58,29.0331,21.5482,63.61,52,0,10.92
213,Tipperary,IE,2022-11-21 18:46:58,52.4733,-8.1558,42.06,95,100,12.24
214,Celina,US,2022-11-21 18:46:59,40.5489,-84.5702,48.54,32,84,18.95
215,Abong Mbang,CM,2022-11-21 18:46:59,3.9833,13.1833,71.1,58,89,2.04
216,Kavaratti,IN,2022-11-21 18:47:00,10.5669,72.642,81.34,50,1,6.29
217,Eugene,US,2022-11-21 18:46:07,44.0521,-123.0867,49.26,70,75,1.99
218,Iquique,CL,2022-11-21 18:43:59,-20.2208,-70.1431,71.64,70,36,4.18
219,Mancio Lima,BR,2022-11-21 18:47:01,-7.6142,-72.8958,91.47,58,75,10.36
220,Tromso,NO,2022-11-21 18:47:03,69.6496,18.957,29.37,93,0,2.3
221,Tonantins,BR,2022-11-21 18:48:03,-2.8731,-67.8022,81.18,93,100,1.48
222,Mikhaylovka,RU,2022-11-21 18:48:04,50.06,43.2379,44.78,98,100,3.0
223,Tiksi,RU,2022-11-21 18:48:05,71.6872,128.8694,-22.92,100,84,3.44
224,Pandan,PH,2022-11-21 18:48:06,14.0453,124.1694,79.07,88,98,11.48
225,Kuliyapitiya,LK,2022-11-21 18:48:06,7.4688,80.0401,76.68,94,40,3.11
226,Bathsheba,BB,2022-11-21 18:48:07,13.2167,-59.5167,79.41,89,75,18.41
227,Sechura,PE,2022-11-21 18:48:08,-5.5569,-80.8222,74.62,58,21,15.77
228,Talnakh,RU,2022-11-21 18:44:02,69.4865,88.3972,-24.32,94,97,2.01
229,Omboue,GA,2022-11-21 18:48:10,-1.5746,9.2618,76.08,88,90,7.14
230,Marsa Matruh,EG,2022-11-21 18:48:11,31.3525,27.2453,64.6,68,0,3.44
231,Riachao,BR,2022-11-21 18:48:11,-7.3619,-46.6172,83.55,58,61,4.81
232,Henderson,US,2022-11-21 18:47:08,36.0397,-114.9819,61.16,20,0,6.91
233,Nome,US,2022-11-21 18:46:39,64.5011,-165.4064,28.47,86,100,0.0
234,Diapaga,BF,2022-11-21 18:48:13,12.0708,1.7889,81.09,15,92,6.71
235,Changtu,CN,2022-11-21 18:48:14,42.7788,124.0955,30.02,62,5,2.84
236,Cabo San Lucas,MX,2022-11-21 18:47:38,22.8909,-109.9124,81.52,61,0,4.0
237,Fare,PF,2022-11-21 18:48:16,-16.7,-151.0167,78.33,77,17,16.4
238,Khor,RU,2022-11-21 18:48:18,47.8861,134.9464,16.79,71,8,11.65
239,Alofi,NU,2022-11-21 18:48:19,-19.0595,-169.9187,75.09,88,100,4.61
240,Kumluca,TR,2022-11-21 18:48:20,36.3703,30.2869,65.25,74,92,1.48
241,Huai Yot,TH,2022-11-21 18:48:20,7.7893,99.6348,73.76,97,100,3.2
242,Padang,ID,2022-11-21 18:46:35,-0.9492,100.3543,75.25,86,96,3.31
243,Urumqi,CN,2022-11-21 18:44:01,43.801,87.6005,27.55,86,0,2.24
244,Rocha,UY,2022-11-21 18:48:22,-34.4833,-54.3333,66.65,97,100,7.07
245,Don Benito,ES,2022-11-21 18:48:23,38.9563,-5.8616,54.12,78,100,16.2
246,Palauig,PH,2022-11-21 18:48:23,15.435,119.9045,80.08,76,51,6.91
247,Rio Grande,BR,2022-11-21 18:45:35,-32.035,-52.0986,82.51,73,100,6.44
248,Deputatskiy,RU,2022-11-21 18:48:24,69.3,139.9,-27.99,100,58,1.95
249,Terrace,CA,2022-11-21 18:44:37,54.5163,-128.6035,33.71,100,100,3.44
250,Carndonagh,IE,2022-11-21 18:48:25,55.25,-7.2667,46.02,93,100,18.25
251,Sawtell,AU,2022-11-21 18:48:26,-30.3833,153.1,62.62,39,93,6.91
252,Kedgwick,CA,2022-11-21 18:44:21,47.6446,-67.3434,17.91,88,100,8.66
253,Port Lincoln,AU,2022-11-21 18:48:26,-34.7333,135.8667,54.09,72,79,11.48
254,Haines Junction,CA,2022-11-21 18:48:28,60.7522,-137.5108,28.35,93,100,0.0
255,Ankang,CN,2022-11-21 18:48:28,32.68,109.0172,55.83,90,100,1.66
256,Yumen,CN,2022-11-21 18:48:29,40.2833,97.2,38.03,40,99,18.5
257,Udarnyy,RU,2022-11-21 18:48:30,54.3409,42.8611,29.17,95,100,4.88
258,Varhaug,NO,2022-11-21 18:48:31,58.6147,5.6457,38.89,61,11,25.61
259,Roma,US,2022-11-21 18:48:31,43.2128,-75.4557,39.96,43,0,11.5
260,Pacific Grove,US,2022-11-21 18:48:32,36.6177,-121.9166,66.65,48,100,4.0
261,Eureka,US,2022-11-21 18:45:39,40.8021,-124.1637,53.26,100,97,4.14
262,Alyangula,AU,2022-11-21 18:48:33,-13.8483,136.4192,82.81,72,100,7.27
263,Turmalina,BR,2022-11-21 18:48:34,-17.2856,-42.73,75.31,72,53,7.23
264,Pendleton,US,2022-11-21 18:48:34,45.6721,-118.7886,43.2,86,100,0.0
265,Sitka,US,2022-11-21 18:48:35,57.0531,-135.33,48.09,76,100,27.63
266,Bud,US,2022-11-21 18:48:36,39.447,-86.1758,50.02,31,5,17.29
267,Ancud,CL,2022-11-21 18:48:36,-41.8697,-73.8203,72.23,52,68,10.76
268,Antofagasta,CL,2022-11-21 18:48:37,-23.65,-70.4,67.28,62,0,7.85
269,Ahipara,NZ,2022-11-21 18:49:37,-35.1667,173.1667,64.62,97,97,12.01
270,Dunedin,NZ,2022-11-21 18:49:38,-45.8742,170.5036,53.8,84,49,5.91
271,Parker,US,2022-11-21 18:49:38,32.7668,-97.8003,51.73,73,80,1.01
272,Ilovlya,RU,2022-11-21 18:49:39,49.3033,43.9796,48.72,91,100,4.03
273,Vilhena,BR,2022-11-21 18:49:40,-12.7406,-60.1458,71.82,94,75,3.44
274,Caravelas,BR,2022-11-21 18:49:40,-17.7125,-39.2481,73.67,88,100,7.7
275,Camacha,PT,2022-11-21 18:49:41,33.0833,-16.3333,63.82,77,40,8.05
276,Puksoozero,RU,2022-11-21 18:49:41,62.5903,40.6066,11.3,96,31,2.08
277,Broome,US,2022-11-21 18:49:42,42.2506,-75.833,39.02,43,0,10.36
278,Lulea,SE,2022-11-21 18:49:43,65.5842,22.1547,15.87,92,75,3.44
279,Balykshi,KZ,2022-11-21 18:49:43,47.0667,51.8667,42.8,100,100,8.95
280,Kununurra,AU,2022-11-21 18:48:54,-15.7667,128.7333,76.98,88,100,4.61
281,Totness,SR,2022-11-21 18:49:44,5.8833,-56.3167,83.53,71,72,9.93
282,Carnarvon,AU,2022-11-21 18:49:44,-24.8667,113.6333,73.54,57,66,11.03
283,Benguela,AO,2022-11-21 18:49:45,-12.5763,13.4055,77.79,80,98,3.56
284,Katobu,ID,2022-11-21 18:49:45,-4.9408,122.5276,74.79,95,100,2.13
285,Carauari,BR,2022-11-21 18:49:46,-4.8828,-66.8958,84.92,77,100,3.53
286,Namatanai,PG,2022-11-21 18:49:46,-3.6667,152.4333,79.27,81,33,6.42
287,Mragowo,PL,2022-11-21 18:49:47,53.8644,21.3051,30.2,84,100,8.23
288,Ridgecrest,US,2022-11-21 18:49:07,35.6225,-117.6709,58.39,17,75,3.0
289,Ocos,GT,2022-11-21 18:49:48,14.5094,-92.1933,83.23,72,100,4.76
290,Ballina,AU,2022-11-21 18:49:48,-28.8667,153.5667,62.42,51,100,9.73
291,Vila Franca Do Campo,PT,2022-11-21 18:49:49,37.7167,-25.4333,68.2,91,100,12.88
292,Kitimat,CA,2022-11-21 18:49:49,54.0524,-128.6534,34.18,99,100,3.67
293,Floro,NO,2022-11-21 18:49:50,61.5996,5.0328,37.36,44,0,19.57
294,Pinega,RU,2022-11-21 18:49:50,64.7001,43.3936,29.32,96,100,4.7
295,Alcaniz,ES,2022-11-21 18:45:44,41.05,-0.1333,47.61,84,98,28.63
296,Victor Harbor,AU,2022-11-21 18:49:51,-35.5667,138.6167,54.0,75,95,13.09
297,Shar,KZ,2022-11-21 18:49:51,49.5886,81.0453,26.49,96,100,13.62
298,Takoradi,GH,2022-11-21 18:49:52,4.8845,-1.7554,79.47,80,34,10.25
299,Vitim,RU,2022-11-21 18:49:52,59.4511,112.5578,2.93,97,100,4.9
300,Bundaberg,AU,2022-11-21 18:49:53,-24.85,152.35,72.21,77,100,3.0
301,Hell,NO,2022-11-21 18:49:53,63.4455,10.9033,26.51,68,0,6.91
302,Gospic,HR,2022-11-21 18:49:54,44.5461,15.3747,35.29,91,9,4.72
303,Kipushi,CD,2022-11-21 18:49:54,-11.7667,27.2333,63.25,86,97,1.77
304,Tommot,RU,2022-11-21 18:49:55,58.9564,126.2925,-22.23,99,100,0.89
305,Ponta Delgada,PT,2022-11-21 18:49:56,37.7333,-25.6667,68.5,94,40,19.57
306,Fort Nelson,CA,2022-11-21 18:49:56,58.8053,-122.7002,17.19,86,40,4.61
307,Birjand,IR,2022-11-21 18:47:15,32.8663,59.2211,43.27,42,0,4.61
308,Corinth,GR,2022-11-21 18:49:57,37.9407,22.9573,57.88,64,1,8.12
309,Sembakung,ID,2022-11-21 18:49:58,3.8167,117.25,74.16,99,96,0.04
310,Catuday,PH,2022-11-21 18:49:58,16.2923,119.8062,79.61,74,73,13.02
311,Nichinan,JP,2022-11-21 18:49:59,31.6,131.3667,61.57,76,51,3.33
312,Kaitangata,NZ,2022-11-21 18:50:00,-46.2817,169.8464,54.45,64,35,4.23
313,Wanning,CN,2022-11-21 18:50:00,18.8003,110.3967,76.28,94,100,2.89
314,Bubaque,GW,2022-11-21 18:50:01,11.2833,-15.8333,83.35,49,48,5.97
315,Chara,RU,2022-11-21 18:51:02,56.9064,118.2631,-4.31,80,100,0.87
316,Hami,CN,2022-11-21 18:51:03,42.8,93.45,35.13,51,1,5.44
317,Cuorgne,IT,2022-11-21 18:51:03,45.3895,7.6499,48.13,71,100,1.63
318,Qinhuangdao,CN,2022-11-21 18:51:04,39.9317,119.5883,41.25,39,100,5.06
319,Itarema,BR,2022-11-21 18:51:04,-2.9248,-39.9167,83.57,63,99,18.3
320,Bukachacha,RU,2022-11-21 18:51:05,52.9833,116.9167,-3.64,94,97,0.78
321,Krasnoarmeysk,RU,2022-11-21 18:51:06,51.0239,45.6969,33.24,100,100,9.17
322,Nakhon Thai,TH,2022-11-21 18:51:06,17.1006,100.8374,72.52,95,74,2.15
323,Luderitz,NA,2022-11-21 18:51:07,-26.6481,15.1594,64.69,75,10,8.01
324,Filadelfia,US,2022-11-21 18:51:07,39.9523,-75.1638,45.27,30,0,12.66
325,Petropavlovsk-Kamchatskiy,RU,2022-11-21 18:51:08,53.0452,158.6483,23.59,93,100,0.0
326,Aklavik,CA,2022-11-21 18:51:09,68.2191,-135.0107,1.9,99,84,2.26
327,Roald,NO,2022-11-21 18:51:09,62.5833,6.1333,37.54,38,0,19.57
328,Jizan,SA,2022-11-21 18:50:00,17.3333,42.6667,83.34,61,1,2.64
329,Ahuimanu,US,2022-11-21 18:51:10,21.4447,-157.8378,78.62,66,20,17.27
330,Cedar City,US,2022-11-21 18:51:11,37.6775,-113.0619,41.4,51,0,0.0
331,Tomatlan,MX,2022-11-21 18:46:12,19.9333,-105.25,86.83,50,67,5.23
332,Christchurch,NZ,2022-11-21 18:46:59,-43.5333,172.6333,61.92,49,100,9.22
333,Klaksvik,FO,2022-11-21 18:51:12,62.2266,-6.589,43.72,68,97,21.43
334,Rabo De Peixe,PT,2022-11-21 18:51:13,37.8,-25.5833,67.28,97,40,19.57
335,Orlik,RU,2022-11-21 18:51:14,52.5178,99.825,0.28,83,46,5.64
336,Tuatapere,NZ,2022-11-21 18:50:13,-46.1333,167.6833,52.41,87,96,5.5
337,Lisakovsk,KZ,2022-11-21 18:51:15,52.5369,62.4936,8.04,96,97,5.88
338,Oranjemund,NA,2022-11-21 18:51:15,-28.55,16.4333,61.97,80,100,6.29
339,Ventersburg,ZA,2022-11-21 18:51:16,-28.0856,27.1381,68.92,21,100,2.21
340,Cairns,AU,2022-11-21 18:51:17,-16.9167,145.7667,81.07,86,40,6.91
341,Starominskaya,RU,2022-11-21 18:51:17,46.53,39.0497,60.64,60,100,6.93
342,Jacksonville,US,2022-11-21 18:48:27,30.3322,-81.6556,72.1,72,75,14.97
343,Srednekolymsk,RU,2022-11-21 18:51:18,67.45,153.6833,-32.58,99,97,5.79
344,Curup,ID,2022-11-21 18:51:19,-3.4667,102.5333,65.61,96,55,1.36
345,Amnat Charoen,TH,2022-11-21 18:51:20,15.9167,104.75,74.03,80,99,10.94
346,Spornoye,RU,2022-11-21 18:51:20,50.8448,37.2913,34.52,100,100,10.58
347,Rockhampton,AU,2022-11-21 18:51:21,-23.3833,150.5,75.09,78,76,4.61
348,Taldan,RU,2022-11-21 18:51:21,53.6667,124.8,-12.96,99,23,2.84
349,Hailar,CN,2022-11-21 18:51:22,49.2,119.7,-2.31,96,21,4.72
350,Takab,IR,2022-11-21 18:51:23,36.4009,47.1133,44.55,36,100,2.82
351,Tancheng,CN,2022-11-21 18:51:23,27.4375,115.4976,65.64,95,100,3.09
352,Moose Factory,CA,2022-11-21 18:51:24,51.2585,-80.6094,21.2,79,100,17.27
353,Mikhaylov,RU,2022-11-21 18:50:58,54.2292,39.0186,27.82,97,100,10.25
354,Port-Gentil,GA,2022-11-21 18:51:25,-0.7193,8.7815,80.56,78,75,5.75
355,Sibolga,ID,2022-11-21 18:51:25,1.7427,98.7792,74.64,89,69,2.55
356,Saint-Augustin,CA,2022-11-21 18:51:26,51.226,-58.6502,22.77,74,100,19.57
357,Yamada,JP,2022-11-21 18:51:26,39.4667,141.95,50.74,85,5,6.64
358,Piacabucu,BR,2022-11-21 18:51:27,-10.4056,-36.4344,79.16,73,100,11.05
359,Upernavik,GL,2022-11-21 18:51:28,72.7868,-56.1549,8.08,95,81,6.08
360,Manokwari,ID,2022-11-21 18:49:21,-0.8667,134.0833,77.4,85,100,5.88
361,Beringovskiy,RU,2022-11-21 18:52:28,63.05,179.3167,-5.58,91,54,21.41
362,Marawi,PH,2022-11-21 18:52:29,7.9986,124.2928,68.02,92,100,2.57
363,Carlyle,US,2022-11-21 18:52:30,38.6103,-89.3726,52.21,39,0,8.99
364,Avera,US,2022-11-21 18:52:30,33.194,-82.5271,59.56,28,0,5.64
365,Manono,CD,2022-11-21 18:52:31,-7.3,27.4167,66.38,96,100,4.18
366,Chulumani,BO,2022-11-21 18:52:32,-16.4096,-67.5263,79.05,63,98,6.29
367,Panorama,GR,2022-11-21 18:52:32,40.5878,23.0315,57.42,54,4,10.0
368,Acarau,BR,2022-11-21 18:52:33,-2.8856,-40.12,84.04,62,100,19.22
369,Perth,AU,2022-11-21 18:49:49,-31.9333,115.8333,69.98,48,43,23.02
370,Ilheus,BR,2022-11-21 18:52:34,-14.7889,-39.0494,80.42,83,75,3.44
371,Samarai,PG,2022-11-21 18:52:34,-10.6167,150.6667,80.78,79,100,5.82
372,Iqaluit,CA,2022-11-21 18:52:35,63.7506,-68.5145,13.73,85,75,5.75
373,Kiyasovo,RU,2022-11-21 18:52:35,56.3491,53.1244,12.54,94,82,1.59
374,Wilkie,CA,2022-11-21 18:52:36,52.4168,-108.7014,31.89,93,100,10.33
375,Bethel,US,2022-11-21 18:52:36,41.3712,-73.414,40.35,42,0,10.36
376,Paredon,MX,2022-11-21 18:52:37,16.0333,-93.8667,82.78,61,100,21.05
377,Sindor,RU,2022-11-21 18:52:37,62.8629,51.8905,16.02,99,97,3.09
378,Boden,SE,2022-11-21 18:52:38,65.8252,21.6886,15.8,89,25,3.09
379,Olga,RU,2022-11-21 18:52:39,43.7444,135.2892,25.86,62,0,9.64
380,Santa Rosa,PH,2022-11-21 18:52:39,14.3122,121.1114,80.11,88,88,9.53
381,Grindavik,IS,2022-11-21 18:52:40,63.8424,-22.4338,43.27,87,75,20.71
382,San Ramon,US,2022-11-21 18:52:40,37.7799,-121.978,60.39,45,0,1.99
383,Taltal,CL,2022-11-21 18:48:15,-25.4,-70.4833,65.28,71,22,4.45
384,Gazojak,TM,2022-11-21 18:50:06,41.1875,61.4036,50.45,59,91,2.91
385,Vuktyl,RU,2022-11-21 18:52:41,63.8567,57.3094,-7.53,99,31,3.09
386,Egvekinot,RU,2022-11-21 18:48:52,66.3167,-179.1667,-13.23,86,100,12.3
387,Kitui,KE,2022-11-21 18:52:42,-1.367,38.0106,65.19,90,100,3.18
388,Fairbanks,US,2022-11-21 18:50:03,64.8378,-147.7164,14.59,88,40,0.0
389,Mount Gambier,AU,2022-11-21 18:51:36,-37.8333,140.7667,51.42,80,100,13.04
390,San Lorenzo,PY,2022-11-21 18:52:43,-25.3333,-57.5333,72.54,88,75,3.44
391,Nalut,LY,2022-11-21 18:52:44,30.3333,10.85,53.46,39,0,6.35
392,Kuusamo,FI,2022-11-21 18:52:44,65.9667,29.1833,3.24,85,75,2.3
393,Arak,IR,2022-11-21 18:52:45,34.0917,49.6892,46.87,37,0,4.16
394,Starodub,RU,2022-11-21 18:52:45,52.5844,32.7633,29.86,97,100,13.18
395,Tongliao,CN,2022-11-21 18:52:46,43.6125,122.2653,18.01,81,3,2.84
396,Seoul,KR,2022-11-21 18:52:40,37.5683,126.9778,47.64,97,20,3.44
397,Tandur,IN,2022-11-21 18:52:47,17.2333,77.5833,70.65,52,96,4.92
398,Kaseda,JP,2022-11-21 18:52:47,31.4167,130.3167,65.55,78,39,6.22
399,Riyadh,SA,2022-11-21 18:51:39,24.6877,46.7219,66.34,28,0,5.77
400,Touros,BR,2022-11-21 18:52:48,-5.1989,-35.4608,81.39,62,5,16.13
401,Goderich,CA,2022-11-21 18:52:49,43.7501,-81.7165,37.9,60,99,25.32
402,Dalmeny,CA,2022-11-21 18:52:50,52.3334,-106.7679,22.73,93,100,9.22
403,Erenhot,CN,2022-11-21 18:52:50,43.6475,111.9767,31.41,46,37,13.02
404,Garowe,SO,2022-11-21 18:52:50,8.4054,48.4845,76.1,38,24,17.83
405,Palmer,US,2022-11-21 18:52:51,42.1584,-72.3287,38.62,41,20,13.8
406,Likasi,CD,2022-11-21 18:52:51,-10.9814,26.7333,63.61,89,95,2.28
407,Puerto Narino,CO,2022-11-21 18:52:52,-3.7703,-70.3831,85.77,71,95,3.87
408,Glendive,US,2022-11-21 18:52:52,47.1053,-104.7125,30.49,74,0,5.75
409,Sterling,US,2022-11-21 18:49:15,39.0062,-77.4286,48.34,31,0,11.99
410,Saint Anthony,US,2022-11-21 18:53:53,45.0205,-93.218,33.01,59,20,9.22
411,Beya,RU,2022-11-21 18:53:54,53.0533,90.9139,16.74,82,100,2.44
412,Pisco,PE,2022-11-21 18:53:54,-13.7,-76.2167,68.05,77,0,12.66
413,Verkhnevilyuysk,RU,2022-11-21 18:53:55,63.4453,120.3167,-13.31,99,100,1.5
414,Pizarro,CO,2022-11-21 18:53:56,4.9533,-77.366,77.29,92,95,8.3
415,Hovd,MN,2022-11-21 18:50:06,48.0056,91.6419,22.95,47,97,6.46
416,Brae,GB,2022-11-21 18:53:56,60.3964,-1.353,41.61,69,99,2.28
417,Esna,EG,2022-11-21 18:53:57,25.2934,32.554,77.02,30,0,5.41
418,Qeshm,IR,2022-11-21 18:53:57,26.9581,56.2719,75.09,56,0,13.24
419,Saint George,US,2022-11-21 18:53:13,37.1041,-113.5841,50.43,31,0,3.44
420,Margate,GB,2022-11-21 18:53:58,51.3813,1.3862,46.9,86,99,8.01
421,Pese,PA,2022-11-21 18:53:59,7.9,-80.6167,80.8,81,100,6.4
422,Peleduy,RU,2022-11-21 18:53:59,59.6289,112.7406,1.76,98,100,4.38
423,Clarksburg,US,2022-11-21 18:54:00,39.2807,-80.3445,50.05,26,0,10.6
424,Shuyskoye,RU,2022-11-21 18:54:00,59.3736,41.0305,13.24,94,5,1.32
425,Borovskoy,KZ,2022-11-21 18:54:01,53.8,64.15,9.12,85,5,7.45
426,Berbera,SO,2022-11-21 18:54:01,10.4396,45.0143,80.73,53,100,6.4
427,Awjilah,LY,2022-11-21 18:54:02,29.1081,21.2869,63.41,61,0,11.56
428,Berlevag,NO,2022-11-21 18:54:02,70.8578,29.0864,39.15,87,100,5.75
429,Shingu,JP,2022-11-21 18:54:03,33.7333,135.9833,54.55,81,24,5.17
430,Zhuanghe,CN,2022-11-21 18:54:03,39.7008,122.9911,38.17,51,100,6.58
431,Alta Floresta,BR,2022-11-21 18:54:04,-9.8756,-56.0861,84.02,65,40,10.36
432,Umm Kaddadah,SD,2022-11-21 18:54:05,13.6017,26.6876,75.02,23,0,11.1
433,Elliot,ZA,2022-11-21 18:54:05,-31.3333,27.85,61.81,27,100,8.25
434,Moranbah,AU,2022-11-21 18:54:06,-22.0016,148.0466,75.83,24,33,12.84
435,Semey,KZ,2022-11-21 18:52:01,50.4111,80.2275,22.55,94,100,6.31
436,Hinton,CA,2022-11-21 18:54:07,53.4001,-117.5857,34.81,68,100,7.61
437,San Quintin,MX,2022-11-21 18:54:07,30.4833,-115.95,70.14,25,81,4.12
438,Torbay,CA,2022-11-21 18:54:08,47.6666,-52.7314,36.75,79,100,41.43
439,Tainan,TW,2022-11-21 18:54:08,22.9908,120.2133,76.87,88,75,2.3
440,Benton Harbor,US,2022-11-21 18:53:36,42.1167,-86.4542,43.32,57,11,8.99
441,Mananara,MG,2022-11-21 18:54:09,-16.1667,49.7667,72.93,95,100,4.65
442,Jagadhri,IN,2022-11-21 18:54:10,30.1667,77.3,59.9,50,0,4.85
443,Senanga,ZM,2022-11-21 18:54:10,-16.1167,23.2667,81.23,28,96,2.95
444,Jesup,US,2022-11-21 18:54:11,31.6074,-81.8854,62.94,60,100,6.13
445,Altamira,BR,2022-11-21 18:54:11,-3.2033,-52.2064,91.49,49,40,8.05
446,Taoudenni,ML,2022-11-21 18:54:12,22.6783,-3.9836,72.48,20,0,12.12
447,Fortuna,US,2022-11-21 18:54:12,40.5982,-124.1573,52.99,76,0,5.75
448,Bissau,GW,2022-11-21 18:54:13,11.8636,-15.5977,87.91,48,63,3.44
449,Aksha,RU,2022-11-21 18:54:14,50.2814,113.2867,1.06,98,87,2.1
450,Severo-Yeniseyskiy,RU,2022-11-21 18:54:14,60.3725,93.0408,-25.67,100,55,4.29
451,Verkhnyaya Inta,RU,2022-11-21 18:54:15,65.9811,60.3094,-16.94,100,49,1.92
452,Comodoro Rivadavia,AR,2022-11-21 18:50:13,-45.8667,-67.5,80.46,8,0,14.97
453,Raudeberg,NO,2022-11-21 18:54:16,61.9875,5.1352,36.27,43,0,10.04
454,Pouebo,NC,2022-11-21 18:54:16,-20.4,164.5667,77.77,85,15,7.02
455,Henties Bay,NA,2022-11-21 18:54:17,-22.116,14.2845,63.36,76,8,4.99
456,Pimentel,PE,2022-11-21 18:55:17,-6.8367,-79.9342,73.69,60,0,14.97
457,Havre,FR,2022-11-21 18:55:18,49.5833,0.3333,49.77,71,75,27.63
458,Buraydah,SA,2022-11-21 18:52:40,26.326,43.975,64.85,34,0,7.47
459,Kalinovskaya,RU,2022-11-21 18:55:19,43.5758,45.5192,49.28,77,100,3.83
460,Vostok,RU,2022-11-21 18:55:20,46.4856,135.8833,7.23,89,10,4.9
461,Beian,NO,2022-11-21 18:55:20,63.6559,9.5683,32.09,59,0,17.27
462,Lavrentiya,RU,2022-11-21 18:55:21,65.5833,-171.0,12.61,75,100,19.93
463,Maceio,BR,2022-11-21 18:53:34,-9.6658,-35.7353,81.84,69,20,14.97
464,Coahuayana,MX,2022-11-21 18:55:21,18.7333,-103.6833,87.94,54,92,5.03
465,Talaya,RU,2022-11-21 18:55:22,61.3833,152.75,0.55,98,100,6.13
466,Fairview,US,2022-11-21 18:55:22,40.8126,-73.999,41.95,33,1,1.99
467,Port Hawkesbury,CA,2022-11-21 18:55:23,45.6169,-61.3485,33.39,73,100,21.85
468,Burgersdorp,ZA,2022-11-21 18:55:23,-30.9977,26.3286,68.68,17,93,6.73
469,Springfield,US,2022-11-21 18:55:24,37.2153,-93.2982,54.66,35,0,10.0
470,Saskylakh,RU,2022-11-21 18:55:24,71.9167,114.0833,-32.64,99,78,4.79
471,Hamilton,US,2022-11-21 18:55:25,39.1834,-84.5333,49.06,28,0,7.0
472,Reftinskiy,RU,2022-11-21 18:55:25,57.0901,61.6769,15.03,86,82,9.95
473,Isla Mujeres,MX,2022-11-21 18:51:27,21.2311,-86.731,86.16,77,100,5.23
474,Rock Sound,BS,2022-11-21 18:55:26,24.9,-76.2,80.73,74,28,14.54
475,Jumla,NP,2022-11-21 18:55:27,29.2747,82.1838,43.41,36,5,5.1
476,Colesberg,ZA,2022-11-21 18:55:28,-30.72,25.0972,74.26,14,35,7.36
477,Talcahuano,CL,2022-11-21 18:55:15,-36.7167,-73.1167,71.28,49,0,18.41
478,Osa,RU,2022-11-21 18:55:29,57.2829,55.4567,10.18,92,20,2.84
479,Sovata,RO,2022-11-21 18:55:29,46.5833,25.0667,34.3,94,100,5.99
480,Atar,MR,2022-11-21 18:55:30,20.5169,-13.0499,78.67,12,0,10.38
481,Grand-Santi,GF,2022-11-21 18:55:30,4.25,-54.3833,94.82,33,53,4.12
482,Valreas,FR,2022-11-21 18:55:31,44.3837,4.9908,44.22,96,100,3.67
483,Constitucion,CL,2022-11-21 18:55:32,-35.3333,-72.4167,69.44,48,4,19.64
484,Aktau,KZ,2022-11-21 18:55:32,43.65,51.2,48.78,80,100,12.86
485,Leh,IN,2022-11-21 18:55:33,34.1667,77.5833,11.89,62,0,2.64
486,Nabire,ID,2022-11-21 18:55:33,-3.3667,135.4833,75.87,90,99,2.93
487,Calama,CL,2022-11-21 18:54:08,-22.4667,-68.9333,75.69,9,0,25.32
488,Lovozero,RU,2022-11-21 18:55:34,68.005,35.0117,27.16,88,100,4.41
489,Hualmay,PE,2022-11-21 18:55:35,-11.0964,-77.6139,70.05,72,34,8.1
490,Half Moon Bay,US,2022-11-21 18:55:35,37.4636,-122.4286,63.45,45,20,4.61
491,Biggar,GB,2022-11-21 18:55:36,55.6167,-3.5167,40.78,90,100,11.74
492,Douglas,US,2022-11-21 18:55:36,41.3,-96.167,50.59,34,0,9.22
493,Junnar,IN,2022-11-21 18:55:37,19.2,73.8833,61.43,40,83,4.12
494,Khandyga,RU,2022-11-21 18:55:38,62.6667,135.6,-37.86,100,99,1.81
495,Panzhihua,CN,2022-11-21 18:55:38,26.5851,101.7128,51.82,72,100,1.7
496,Waddan,LY,2022-11-21 18:55:39,29.1614,16.139,59.09,47,0,6.06
497,Meadow Lake,US,2022-11-21 18:55:40,34.8014,-106.5436,53.4,23,0,5.21
498,Ostrovnoy,RU,2022-11-21 18:55:40,68.0531,39.5131,32.11,94,100,6.76
499,Nelson Bay,AU,2022-11-21 18:55:41,-32.7167,152.15,57.09,53,4,15.99
500,Turukhansk,RU,2022-11-21 18:55:41,65.8167,87.9833,-12.21,97,100,4.32
501,Dicamay,PH,2022-11-21 18:55:42,16.7561,122.0037,71.51,96,100,2.33
502,Teya,RU,2022-11-21 18:56:42,60.3778,92.6267,-23.87,100,89,3.89
503,Sakaiminato,JP,2022-11-21 18:56:43,35.55,133.2333,49.98,100,40,3.44
504,Evensk,RU,2022-11-21 18:56:43,61.95,159.2333,12.65,72,100,16.28
505,Sao Joao Da Barra,BR,2022-11-21 18:55:43,-21.6403,-41.0511,78.89,79,2,17.4
506,Puerto Leguizamo,CO,2022-11-21 18:56:44,-0.1934,-74.7819,86.18,62,100,3.87
507,College,US,2022-11-21 18:52:46,64.8569,-147.8028,14.58,88,75,0.0
508,Gamba,GA,2022-11-21 18:54:23,-2.65,10.0,75.11,89,92,4.05
509,Basco,PH,2022-11-21 18:56:45,20.4487,121.9702,79.5,84,95,22.73
510,Norsup,VU,2022-11-21 18:56:46,-16.0667,167.3833,80.94,81,37,8.46
511,San Policarpo,PH,2022-11-21 18:56:46,12.1791,125.5072,80.2,84,52,10.36
512,Gorom-Gorom,BF,2022-11-21 18:56:47,14.4439,-0.2361,82.4,10,100,9.62
513,Chernyshevskiy,RU,2022-11-21 18:56:47,63.0128,112.4714,-18.49,100,98,1.43
514,Trincomalee,LK,2022-11-21 18:56:48,8.5711,81.2335,75.85,80,14,7.11
515,Lasa,IT,2022-11-21 18:56:49,46.6166,10.7002,33.03,74,98,3.89
516,Sur,OM,2022-11-21 18:56:49,22.5667,59.5289,76.48,66,0,3.04
517,Staroaleyskoye,RU,2022-11-21 18:52:20,51.0061,82.0,17.92,91,100,5.73
518,Tabon,PH,2022-11-21 18:56:50,9.2388,117.9946,78.03,90,100,5.84
519,Miquelon,PM,2022-11-21 18:56:51,47.0975,-56.3814,35.6,69,36,45.77
520,Sabinas,MX,2022-11-21 18:56:51,27.85,-101.1167,50.59,64,91,4.47
521,Springbok,ZA,2022-11-21 18:56:51,-29.6643,17.8865,61.21,44,100,4.9
522,Nueva Gerona,CU,2022-11-21 18:56:52,21.8833,-82.8,82.45,68,82,11.07
523,Vardo,NO,2022-11-21 18:56:53,70.3705,31.1107,35.58,93,75,6.91
524,Char Bhadrasan,BD,2022-11-21 18:56:53,23.3167,90.2167,68.0,62,81,6.91
525,Tornio,FI,2022-11-21 18:56:54,65.8481,24.1466,8.62,91,70,3.65
526,Mehriz,IR,2022-11-21 18:56:54,31.5917,54.4318,48.7,40,0,0.83
527,Kruisfontein,ZA,2022-11-21 18:56:55,-34.0033,24.7314,65.88,82,68,7.23
528,Verkhniy Baskunchak,RU,2022-11-21 18:56:55,48.2256,46.7217,50.94,86,100,9.53
529,Talara,PE,2022-11-21 18:56:56,-4.5772,-81.2719,79.56,53,0,13.8
530,Conceicao Das Alagoas,BR,2022-11-21 18:56:56,-19.9147,-48.3883,87.58,31,98,5.01
531,Blagoyevo,RU,2022-11-21 18:56:57,63.3667,47.9167,19.56,98,98,2.13
532,Sayat,TM,2022-11-21 18:56:57,38.7839,63.8803,55.27,50,6,5.26
533,Sola,VU,2022-11-21 18:56:58,-13.8833,167.55,81.82,75,21,9.8
534,Muros,ES,2022-11-21 18:56:58,42.7762,-9.0603,50.85,80,63,18.66
535,Asfi,MA,2022-11-21 18:56:58,32.2994,-9.2372,64.83,76,18,14.12
536,Manuk Mangkaw,PH,2022-11-21 18:56:59,4.8,119.85,81.97,75,83,1.19
537,Ranong,TH,2022-11-21 18:57:00,9.9658,98.6348,75.11,92,100,1.57
538,Beni,CD,2022-11-21 18:57:00,0.5,29.4667,61.75,98,99,2.62
539,Jalna,IN,2022-11-21 18:57:01,19.8333,75.8833,61.32,45,100,5.14
540,Saurimo,AO,2022-11-21 18:54:22,-9.6608,20.3916,62.47,96,100,2.33
541,Waipawa,NZ,2022-11-21 18:57:01,-41.4122,175.5153,58.19,71,0,15.55
542,Hobyo,SO,2022-11-21 18:57:02,5.3505,48.5268,80.89,70,5,15.39
543,Ekhabi,RU,2022-11-21 18:57:02,53.5102,142.9671,18.27,94,80,10.42
544,Udomlya,RU,2022-11-21 18:57:03,57.8794,34.9925,13.95,99,98,5.01
545,Saint-Andre-Avellin,CA,2022-11-21 18:57:03,45.7168,-75.066,30.69,82,100,14.99
546,Porto Novo,BJ,2022-11-21 18:57:04,6.4965,2.6036,82.22,81,84,8.59
547,Bibiani,GH,2022-11-21 18:57:05,6.4635,-2.3194,76.73,65,42,1.86
548,Quatre Cocos,MU,2022-11-21 18:57:06,-20.2078,57.7625,75.09,73,1,7.87
549,Chimoio,MZ,2022-11-21 18:57:06,-19.1164,33.4833,69.66,82,75,2.26
550,Manado,ID,2022-11-21 18:58:07,1.487,124.8455,77.77,100,40,2.3
551,Krasnoselkup,RU,2022-11-21 18:58:07,65.7,82.4667,-18.54,94,20,10.78
552,Saldanha,ZA,2022-11-21 18:58:08,-33.0117,17.9442,64.45,78,95,15.55
553,Lompoc,US,2022-11-21 18:58:08,34.6391,-120.4579,72.79,27,100,1.01
